epoch,time,train/box_loss,train/cls_loss,train/l1_loss,metrics/precision(B),metrics/recall(B),metrics/mAP50(B),metrics/mAP50-95(B),val/box_loss,val/cls_loss,val/l1_loss,lr/pg0,lr/pg1,lr/pg2
1,19.6316,0.77932,6.17973,0.01789,0.00333,1,0.96548,0.65615,0.52955,11.2478,0.0157,0.0006,0.0006,0.0006
2,21.1329,0.66603,5.16447,0.01412,0.00333,1,0.95163,0.72833,0.46256,10.8075,0.0138,0.00124159,0.00124159,0.00124159
3,23.7783,0.82757,4.49415,0.01755,0.00333,1,0.98576,0.78561,0.69874,10.8491,0.02012,0.00185677,0.00185677,0.00185677
4,25.161,0.8392,4.06204,0.01843,0.89618,0.89309,0.9384,0.6986,0.71098,10.4427,0.024,0.0018812,0.0018812,0.0018812
5,26.5026,0.88953,3.77834,0.01989,0.90562,0.9928,0.93437,0.72681,0.71427,10.0487,0.02,0.0018416,0.0018416,0.0018416
6,27.8433,0.97905,3.53405,0.02072,0.96629,0.98875,0.993,0.88923,0.59314,8.94361,0.01887,0.001802,0.001802,0.001802
7,29.2054,0.83256,3.14903,0.01824,0.93855,0.93103,0.98716,0.8559,0.75131,8.45924,0.02577,0.0017624,0.0017624,0.0017624
8,30.5572,0.94117,3.14253,0.02235,1,0.99914,0.995,0.70586,0.9841,8.13867,0.03454,0.0017228,0.0017228,0.0017228
9,31.9269,0.81947,2.85875,0.01719,0.99065,1,0.995,0.86079,0.83839,7.48594,0.02687,0.0016832,0.0016832,0.0016832
10,33.3406,0.79753,2.56726,0.01612,0.99548,1,0.995,0.82291,1.06863,6.71957,0.03102,0.0016436,0.0016436,0.0016436
11,34.8964,0.78298,2.38493,0.01509,0.99293,1,0.995,0.87444,0.6707,5.90491,0.02055,0.001604,0.001604,0.001604
12,37.7445,0.74016,2.11837,0.01584,0.99743,1,0.995,0.90417,0.72822,5.196,0.02451,0.0015644,0.0015644,0.0015644
13,39.5328,0.7063,2.03074,0.01509,0.9979,1,0.995,0.9145,0.55634,4.76365,0.01755,0.0015248,0.0015248,0.0015248
14,41.4512,0.61002,1.74795,0.01283,0.99777,1,0.995,0.90309,0.62233,4.27688,0.01929,0.0014852,0.0014852,0.0014852
15,43.4033,0.70223,1.8784,0.01554,0.99818,1,0.995,0.91762,0.49239,3.76538,0.01564,0.0014456,0.0014456,0.0014456
16,45.4445,0.65067,1.57056,0.01273,0.99795,1,0.995,0.89308,0.7158,3.39522,0.02262,0.001406,0.001406,0.001406
17,47.5501,0.66175,1.52736,0.01393,0.99808,1,0.995,0.9107,0.54859,3.17731,0.0159,0.0013664,0.0013664,0.0013664
18,49.6329,0.64955,1.53897,0.0134,0.99813,1,0.995,0.91454,0.55273,2.73953,0.01664,0.0013268,0.0013268,0.0013268
19,51.9028,0.65976,1.37424,0.01331,0.99818,1,0.995,0.88906,0.59361,2.63927,0.01718,0.0012872,0.0012872,0.0012872
20,54.1678,0.56252,1.30811,0.01173,0.9981,1,0.995,0.94022,0.49935,2.29653,0.01652,0.0012476,0.0012476,0.0012476
21,56.4277,0.55139,1.19073,0.01173,0.99805,1,0.995,0.91162,0.61948,2.34599,0.02052,0.001208,0.001208,0.001208
22,58.6767,0.56971,1.24921,0.01191,0.99814,1,0.995,0.90613,0.51032,2.19083,0.01534,0.0011684,0.0011684,0.0011684
23,61.066,0.52599,1.1472,0.01087,0.99809,1,0.995,0.94704,0.385,1.95829,0.01169,0.0011288,0.0011288,0.0011288
24,63.3152,0.53671,1.07201,0.01056,0.99815,1,0.995,0.98425,0.33201,1.8011,0.01003,0.0010892,0.0010892,0.0010892
25,65.5664,0.5549,1.02899,0.01087,0.99814,1,0.995,0.97218,0.32052,1.72205,0.00966,0.0010496,0.0010496,0.0010496
26,67.8221,0.48886,0.98996,0.00954,0.99807,1,0.995,0.92387,0.38563,1.60125,0.01156,0.00101,0.00101,0.00101
27,70.0652,0.43336,0.91016,0.0085,0.99811,1,0.995,0.99093,0.30779,1.57682,0.00986,0.0009704,0.0009704,0.0009704
28,72.3377,0.46387,0.85224,0.00921,0.99813,1,0.995,0.96079,0.45284,1.52387,0.01372,0.0009308,0.0009308,0.0009308
29,74.5733,0.51476,0.8423,0.01031,0.99813,1,0.995,0.9765,0.33421,1.40666,0.01071,0.0008912,0.0008912,0.0008912
30,76.8293,0.47313,0.79335,0.00852,0.99811,1,0.995,0.98051,0.3127,1.32334,0.00993,0.0008516,0.0008516,0.0008516
31,79.0619,0.4523,0.78533,0.00886,0.99812,1,0.995,0.96543,0.44001,1.40215,0.01349,0.000812,0.000812,0.000812
32,81.2916,0.47154,0.83174,0.00935,0.99816,1,0.995,0.98012,0.38486,1.25643,0.0113,0.0007724,0.0007724,0.0007724
33,83.5259,0.45173,0.76663,0.00968,0.99821,1,0.995,0.97817,0.29877,1.22577,0.00908,0.0007328,0.0007328,0.0007328
34,85.7784,0.45135,0.72463,0.0096,0.99823,1,0.995,0.97763,0.27975,1.14227,0.00829,0.0006932,0.0006932,0.0006932
35,88.0346,0.43976,0.73402,0.00862,0.99821,1,0.995,0.98664,0.29629,1.0929,0.00884,0.0006536,0.0006536,0.0006536
36,90.2759,0.43839,0.69241,0.00853,0.99819,1,0.995,0.98986,0.32353,1.05426,0.01026,0.000614,0.000614,0.000614
37,92.5377,0.41182,0.65651,0.00782,0.99818,1,0.995,0.98689,0.29485,1.04143,0.00966,0.0005744,0.0005744,0.0005744
38,94.9127,0.36285,0.62266,0.00713,0.99811,1,0.995,0.995,0.25669,1.00636,0.00781,0.0005348,0.0005348,0.0005348
39,97.1512,0.36146,0.59852,0.00741,0.99811,1,0.995,0.98997,0.32707,1.00185,0.01032,0.0004952,0.0004952,0.0004952
40,99.3849,0.40013,0.62859,0.00807,0.99813,1,0.995,0.992,0.26646,0.93953,0.00806,0.0004556,0.0004556,0.0004556
41,101.811,0.27174,0.97811,0.00904,0.99815,1,0.995,0.98448,0.31493,1.0031,0.01046,0.000416,0.000416,0.000416
42,104.015,0.24361,0.90184,0.00786,0.99818,1,0.995,0.99152,0.19639,0.93966,0.00546,0.0003764,0.0003764,0.0003764
43,106.22,0.22372,0.83466,0.00705,0.99815,1,0.995,0.99166,0.18416,0.89483,0.00562,0.0003368,0.0003368,0.0003368
44,108.425,0.2197,0.87692,0.00655,0.99816,1,0.995,0.9919,0.28275,0.86996,0.00928,0.0002972,0.0002972,0.0002972
45,110.628,0.24342,0.8103,0.00795,0.99814,1,0.995,0.9919,0.2089,0.82454,0.00683,0.0002576,0.0002576,0.0002576
46,112.829,0.2094,0.8252,0.00664,0.99817,1,0.995,0.99083,0.27787,0.85779,0.00798,0.000218,0.000218,0.000218
47,115.027,0.24589,0.80709,0.00802,0.99818,1,0.995,0.99059,0.28708,0.8662,0.00848,0.0001784,0.0001784,0.0001784
48,117.233,0.22208,0.78337,0.00693,0.99819,1,0.995,0.99069,0.19134,0.83145,0.00559,0.0001388,0.0001388,0.0001388
49,119.432,0.18315,0.78437,0.00549,0.99817,1,0.995,0.99045,0.17329,0.83556,0.00515,9.92e-05,9.92e-05,9.92e-05
50,121.633,0.18954,0.75334,0.00588,0.99817,1,0.995,0.99021,0.1729,0.84954,0.00511,5.96e-05,5.96e-05,5.96e-05
